target,energy,energy_resn
wbls_3pct,0.0,0.0
wbls_3pct,1.0,1.1
wbls_3pct,2.0,1.5556349186104048
wbls_3pct,3.0,1.905255888325765
wbls_3pct,4.0,2.2
wbls_3pct,5.0,2.459674775249769
wbls_3pct,6.0,2.694438717061496
wbls_3pct,7.0,2.91032644217105
wbls_3pct,8.0,3.1112698372208096
wbls_3pct,9.0,3.3000000000000003
wbls_3pct,10.0,3.478505426185218
